{
  "oneoffs": {
    "keyDoor": [-11.748010635375977, -0.036542296409606934],
    "megaMe": [0.0, 12.444290161132812]
  },
  "doors": [
    { "scale": 1.0, "pos": [-5.8743767738342285, 0.00497029721736908] },
    { "scale": 1.0, "pos": [-0.016127705574035645, 5.781059265136719] }
  ],
  "circles": [
    { "scale": 6.095564365386963, "pos": [0.0, 0.0] },
    { "scale": 4.292943477630615, "pos": [0.0, 12.444290161132812] }
  ],
  "rectangles": [
    {
      "scale": [0.9458817839622498, 1.9859930276870728],
      "pos": [0.0, 6.900638103485107]
    },
    {
      "scale": [3.0109875202178955, 0.973426878452301],
      "pos": [-8.717082977294922, -0.11712837219238281]
    }
  ]
}
